Date,Total_event_runners,temperature,windspeed,precipitation,ave_run_time,best_time,worst_time
2007-11-10,20.0,10.4,37.6,0.0,19.136666666666667,16.08,21.88
2007-11-17,14.0,5.7,15.7,0.2,21.878,20.22,24.95
2007-11-24,16.0,1.8,16.2,0.0,22.93857142857143,20.73,28.45
2007-12-01,22.0,8.1,45.3,0.0,21.26,18.28,25.08
2007-12-08,15.0,6.9,29.8,0.9,20.1875,19.28,20.95
2007-12-15,17.0,2.7,30.600000000000005,0.0,20.405555555555555,17.85,25.23
2007-12-22,16.0,5.8,19.6,0.0,21.657999999999998,19.23,25.65
2007-12-29,26.0,6.8,41.7,0.0,20.30375,16.68,27.35
2008-01-05,27.0,7.0,39.4,0.0,18.43,15.97,21.55
2008-01-12,21.0,3.7000000000000006,28.4,0.0,23.124444444444446,17.13,27.55
2008-01-19,44.0,11.9,48.3,0.0,24.408,17.62,35.48
2008-01-26,54.0,7.6,36.7,0.0,24.88,17.03,34.5
2008-02-02,52.0,1.4,24.800000000000004,0.0,23.430769230769233,16.68,34.37
2008-02-09,59.0,6.8,20.1,0.0,25.629,16.4,47.0
2008-02-16,41.0,1.9,30.7,0.0,26.200869565217392,15.2,44.75
2008-02-23,52.0,9.2,27.2,0.0,24.65857142857143,17.65,44.32
2008-03-01,60.0,8.5,37.6,0.0,25.638181818181817,16.32,45.78
2008-03-08,68.0,8.5,35.3,0.0,25.209302325581394,16.58,44.78
2008-03-15,68.0,9.9,21.1,0.0,25.60410256410256,17.6,47.47
2008-03-22,51.0,4.0,60.1,0.0,26.133913043478262,18.98,48.77
2008-03-29,65.0,8.5,36.7,0.0,26.384857142857143,16.18,47.33
2008-04-05,56.0,7.4,24.6,0.0,27.15974358974359,19.12,45.05
2008-04-12,44.0,8.6,35.3,0.0,25.44037037037037,17.48,46.95
2008-04-19,44.0,7.4,37.9,0.4,24.520740740740738,16.57,44.92
2008-04-26,58.0,13.3,18.6,0.0,25.553513513513515,15.85,44.48
2008-05-03,73.0,13.1,20.9,0.0,25.932499999999997,15.97,43.7
2008-05-10,77.0,17.9,12.599999999999998,0.0,24.70730769230769,16.47,47.58
2008-05-17,65.0,11.7,18.8,0.8000000000000002,24.844634146341463,16.6,44.32
2008-05-24,68.0,16.5,33.8,0.0,24.701249999999998,16.28,44.22
2008-05-31,86.0,16.5,5.5,0.0,24.93166666666667,16.97,45.83
2008-06-07,79.0,14.399999999999999,20.2,0.0,26.327317073170732,16.8,47.15
2008-06-14,70.0,12.8,13.5,0.0,25.499000000000002,19.07,37.13
2008-06-21,69.0,16.2,19.8,0.0,25.2325,17.45,45.52
2008-06-28,64.0,17.5,30.9,0.0,26.4865625,19.12,43.2
2008-07-05,60.0,16.5,31.0,0.0,26.018571428571427,16.48,43.02
2008-07-06,24.0,15.800000000000002,44.5,0.0,25.125,19.12,41.38
2008-07-12,81.0,14.1,23.3,0.0,25.241363636363634,18.42,46.68
2008-07-19,60.0,16.5,37.4,0.2,26.188285714285715,18.1,40.68
2008-07-26,71.0,19.2,9.1,0.0,26.734193548387097,16.95,43.35
2008-08-02,88.0,17.0,27.5,0.0,24.68325,17.63,42.12
2008-08-09,56.0,16.7,32.6,0.0,25.595,17.43,43.02
2008-08-16,89.0,16.4,27.1,0.0,24.7756,17.82,43.4
2008-08-23,58.0,14.6,17.1,0.0,24.73896551724138,19.35,38.18
2008-08-30,72.0,19.0,26.5,0.0,25.441521739130433,16.77,44.95
2008-09-06,82.0,14.5,49.70000000000001,0.3,25.24754716981132,16.15,51.05
2008-09-13,96.0,13.4,7.5,0.0,24.495333333333335,16.4,44.57
2008-09-20,82.0,14.3,18.1,0.0,24.348823529411764,17.87,42.88
2008-09-27,86.0,13.3,14.1,0.0,25.281372549019608,17.85,45.87
2008-10-04,75.0,10.3,31.0,0.0,25.59130434782609,19.42,43.5
2008-10-11,102.0,14.8,16.9,0.0,25.26,16.5,43.47
2008-10-18,77.0,11.2,18.4,0.0,25.630576923076923,18.22,44.7
2008-10-25,71.0,10.7,26.7,0.0,25.12409090909091,17.23,42.25
2008-11-01,74.0,7.0,42.9,0.5,26.74952380952381,18.35,41.77
2008-11-08,167.0,11.0,51.5,0.6,24.965416666666666,15.82,45.43
2008-11-15,61.0,11.4,26.9,0.0,24.69235294117647,17.72,41.8
2008-11-22,109.0,4.4,32.0,0.0,26.11935483870968,18.08,42.62
2008-11-29,97.0,3.6,24.8,0.2,25.9378431372549,18.87,42.87
2008-12-06,90.0,3.5,24.1,0.0,25.828400000000002,16.23,42.78
2008-12-13,37.0,6.3,60.5,1.2,24.085625,17.68,33.18
2008-12-20,82.0,10.7,35.1,0.0,25.910222222222224,18.12,42.4
2008-12-27,64.0,2.2,39.6,0.0,27.27,15.93,48.45
2009-01-03,96.0,-0.2,27.3,0.0,26.100363636363635,19.62,42.5
2009-01-10,90.0,-1.7,3.1,0.0,26.85183333333333,19.05,42.95
2009-01-17,108.0,7.8,40.5,0.3,25.61393442622951,18.8,43.05
2009-01-24,107.0,1.6,19.3,0.0,25.587857142857143,17.78,42.83
2009-01-31,114.0,3.7,41.7,0.0,25.148970588235297,16.37,43.05
2009-02-07,102.0,-1.0,28.8,0.0,25.376857142857144,17.68,43.97
2009-02-14,111.0,0.9,14.7,0.0,25.143731343283584,16.12,44.68
2009-02-21,98.0,5.2,12.1,0.0,25.75263157894737,16.53,46.25
2009-02-28,115.0,6.7,3.0,0.0,25.45109375,16.9,43.55
2009-03-07,119.0,7.2,11.6,0.0,25.085285714285714,17.62,42.93
2009-03-14,97.0,9.9,27.7,0.0,24.77,18.07,44.58
2009-03-21,172.0,6.4,8.0,0.0,24.551839080459768,16.23,43.38
2009-03-28,143.0,5.6,37.0,0.0,24.95360465116279,16.18,44.5
2009-04-04,115.0,9.3,20.2,0.2,24.976617647058823,17.98,35.97
2009-04-11,111.0,9.4,7.4,0.0,24.7544776119403,18.0,43.13
2009-04-18,138.0,9.4,21.9,0.0,24.79294871794872,16.78,44.33
2009-04-25,120.0,10.2,27.3,0.0,24.83625,18.05,47.02
2009-05-02,147.0,10.9,10.5,0.0,24.742934782608696,17.2,44.28
2009-05-09,160.0,11.1,11.2,0.0,24.33282608695652,17.63,41.87
2009-05-16,130.0,12.0,38.9,0.0,24.652121212121212,17.27,42.08
2009-05-23,166.0,13.8,13.8,0.0,24.479195402298853,16.88,42.67
2009-05-30,170.0,16.5,23.4,0.0,24.503238095238096,15.97,38.77
2009-06-06,120.0,12.8,29.899999999999995,0.0,24.990277777777777,16.7,38.0
2009-06-13,168.0,15.7,10.9,0.0,24.234105263157893,17.78,58.75
2009-06-20,204.0,13.8,11.1,0.0,25.072066115702476,17.55,44.38
2009-06-27,180.0,18.0,14.699999999999998,0.0,26.06963963963964,18.2,45.85
2009-07-04,149.0,17.6,14.6,0.0,25.47907216494845,17.22,43.58
2009-07-05,43.0,18.0,17.9,0.0,23.434193548387096,18.12,32.18
2009-07-11,158.0,15.7,28.0,0.1,26.30127450980392,16.65,44.05
2009-07-18,198.0,16.5,37.5,0.0,25.61025,15.88,43.8
2009-07-25,168.0,17.1,21.0,0.0,25.735145631067958,18.23,42.85
2009-08-01,179.0,17.1,20.6,0.0,25.93838383838384,18.4,43.67
2009-08-08,192.0,18.4,7.1,0.0,26.115508474576274,17.15,50.87
2009-08-15,182.0,18.0,23.6,0.0,25.790454545454544,16.1,47.53
2009-08-22,199.0,16.7,13.8,0.0,25.68982142857143,16.62,43.02
2009-08-29,174.0,14.9,20.6,0.0,26.18863247863248,15.13,43.93
2009-09-05,196.0,14.1,25.9,0.0,25.19,16.22,45.42
2009-09-12,298.0,16.0,32.6,0.0,25.65137931034483,15.95,45.63
2009-09-19,216.0,17.0,14.8,0.0,25.337175572519083,16.5,34.5
2009-09-26,205.0,14.6,11.3,0.0,25.652642857142855,17.22,43.85
2009-10-03,145.0,14.2,45.0,0.0,25.439787234042555,17.32,43.03
2009-10-10,190.0,13.4,23.3,0.0,26.20181102362205,17.3,43.42
2009-10-17,201.0,9.1,29.4,0.0,25.26560283687943,16.08,47.5
2009-10-24,143.0,15.4,29.8,0.6999999999999998,25.449895833333333,17.1,44.25
2009-10-31,254.0,14.5,23.0,1.1,26.319666666666667,16.7,43.73
2009-11-07,224.0,6.8,27.3,0.0,26.32,16.92,43.1
2009-11-14,150.0,11.5,58.5,1.0,26.56695121951219,19.97,40.57
2009-11-21,211.0,13.2,31.5,0.0,25.76587786259542,16.73,38.62
2009-11-28,196.0,7.7,49.6,0.0,26.19375,17.73,42.2
2009-12-05,182.0,9.2,40.8,0.0,26.477610619469026,16.45,45.73
2009-12-12,178.0,5.8,35.0,0.0,25.64130841121495,18.73,42.37
2009-12-19,41.0,-2.4,28.8,0.0,27.5934375,19.55,36.75
2010-01-02,167.0,0.2,21.9,0.0,26.99429906542056,16.5,52.33
2010-01-09,44.0,-1.5,41.2,0.0,25.49235294117647,20.02,31.53
2010-01-16,146.0,5.8,44.9,1.4,25.91397727272727,18.8,44.42
2010-01-23,243.0,6.6,21.6,0.0,27.07097222222222,16.83,46.4
2010-01-30,219.0,-1.0,29.8,0.0,27.232720588235296,15.77,44.07
2010-02-06,214.0,5.5,25.8,0.0,27.04406015037594,16.32,43.58
2010-02-13,240.0,0.9,35.5,0.0,25.971793103448274,16.65,46.65
2010-02-20,140.0,0.3,13.3,0.0,27.443103448275863,15.5,44.0
2010-02-27,236.0,7.7,39.6,0.0,26.09569536423841,16.82,42.97
2010-03-06,177.0,4.3,23.9,0.0,25.86438596491228,16.78,43.23
2010-03-13,185.0,4.5,16.2,0.0,26.294873949579834,16.73,43.58
2010-03-20,164.0,10.1,38.0,0.2,26.834948453608245,16.63,40.45
2010-03-27,172.0,8.6,9.3,0.0,26.90703703703704,16.67,46.48
2010-04-03,187.0,7.5,28.399999999999995,0.20000000000000004,26.039189189189187,16.42,45.3
2010-04-10,176.0,10.5,13.6,0.0,26.94781512605042,16.08,44.68
2010-04-17,146.0,7.8999999999999995,15.1,0.0,27.581627906976745,17.83,43.78
2010-04-24,210.0,11.4,16.5,0.0,27.17140625,18.37,44.62
2010-05-01,223.0,11.2,18.9,0.0,26.525923076923075,17.98,46.07
2010-05-08,233.0,8.8,17.4,0.0,26.247375886524825,16.5,44.1
2010-05-15,263.0,11.2,8.0,0.0,26.079276315789475,18.07,44.63
2010-05-22,282.0,14.3,17.4,0.0,26.646562499999998,15.83,43.87
2010-05-29,301.0,12.5,27.6,0.5,26.0899358974359,16.45,46.92
2010-06-05,274.0,18.6,14.0,0.0,27.31853146853147,18.23,46.15
2010-06-12,258.0,14.3,19.7,0.0,26.891966292134835,18.08,44.37
2010-06-19,234.0,11.8,27.4,0.0,25.80889655172414,18.27,43.05
2010-06-26,234.0,18.9,8.0,0.0,26.49436090225564,16.77,43.3
2010-07-03,229.0,17.8,13.6,0.0,25.631212121212123,17.33,42.0
2010-07-10,247.0,19.5,14.2,0.0,25.659594594594594,17.65,39.93
2010-07-17,223.0,15.5,27.7,0.0,25.986884057971015,16.95,46.4
2010-07-24,247.0,18.1,12.5,0.0,26.10186746987952,17.78,46.9
2010-07-31,245.0,17.4,26.6,0.0,26.048028169014085,17.82,43.2
2010-08-07,229.0,17.5,25.6,0.0,25.815472972972973,15.53,43.72
2010-08-14,242.0,14.2,14.0,0.2,26.40359712230216,16.42,43.68
2010-08-21,264.0,18.7,30.399999999999995,0.0,26.199937106918238,17.38,42.88
2010-08-28,265.0,14.700000000000001,19.6,0.0,26.10761904761905,15.48,43.77
2010-09-04,291.0,16.5,21.2,0.0,26.60902298850575,17.68,44.7
2010-09-11,265.0,17.1,35.2,0.0,26.41987421383648,17.03,43.77
2010-09-18,269.0,11.5,18.2,0.0,26.95524096385542,18.15,45.17
2010-09-25,271.0,8.9,32.0,0.0,26.642666666666667,17.87,43.48
2010-10-02,247.0,14.200000000000001,14.4,0.0,26.350394736842105,17.83,44.97
2010-10-09,266.0,15.5,34.2,0.0,26.046125,17.7,40.55
2010-10-16,294.0,9.5,37.2,0.0,26.272899408284022,16.8,44.65
2010-10-23,216.0,10.9,36.8,0.0,27.17390243902439,16.9,46.28
2010-10-30,256.0,11.5,28.3,0.1,26.104966887417216,16.67,44.63
2010-11-06,367.0,10.1,15.9,0.0,25.95752336448598,15.4,44.88
2010-11-13,288.0,10.1,21.4,0.0,26.354725274725272,17.15,44.37
2010-11-20,204.0,8.0,31.0,0.0,26.70675,18.82,41.57
2010-11-27,228.0,0.1,19.1,0.2,26.217655172413792,18.7,46.83
2010-12-04,111.0,4.9,26.5,0.0,27.038666666666668,18.52,47.37
2010-12-11,194.0,4.0,19.6,0.0,25.82034782608696,16.13,47.35
2010-12-18,65.0,0.0,29.4,1.2,26.843076923076925,19.97,45.0
2010-12-25,136.0,-2.4,24.2,0.0,26.30931506849315,18.68,46.68
2011-01-01,133.0,4.4,15.8,0.1,26.322465753424655,16.77,46.22
2011-01-08,238.0,9.1,48.7,0.0,26.303623188405798,15.72,46.43
2011-01-15,310.0,8.9,44.6,0.0,26.344775280898876,18.5,45.82
2011-01-22,342.0,1.8,28.5,0.0,26.67005208333333,17.38,46.28
2011-01-29,268.0,1.0,29.8,0.0,25.954666666666668,17.08,47.15
2011-02-05,248.0,9.7,52.1,0.1,25.736107382550333,18.55,46.65
2011-02-12,283.0,7.7,20.9,0.0,26.510114942528737,18.22,46.3
2011-02-19,192.0,6.3,35.7,1.1,28.038545454545453,19.1,46.55
2011-02-26,308.0,8.4,37.9,0.0,26.1610303030303,15.4,46.47
2011-03-05,257.0,1.6,23.4,0.0,26.23,17.0,45.87
2011-03-12,301.0,7.6,24.0,0.0,26.08929824561404,16.45,46.03
2011-03-19,294.0,4.2,14.8,0.0,25.91181818181818,15.42,47.52
2011-03-26,287.0,8.6,11.900000000000002,0.0,26.066300578034685,17.62,47.88
2011-04-02,301.0,12.9,28.7,0.0,25.875089820359282,16.28,46.85
2011-04-09,279.0,11.9,22.5,0.0,27.069666666666667,17.27,46.98
2011-04-16,304.0,11.2,2.0,0.0,26.92485380116959,17.9,47.97
2011-04-23,353.0,16.8,8.0,0.0,26.487135135135134,16.68,45.25
2011-04-30,318.0,15.2,26.9,0.0,26.40742857142857,16.58,47.45
2011-05-07,385.0,14.199999999999998,19.1,0.3,26.304622641509432,17.88,47.23
2011-05-14,419.0,11.9,18.2,0.0,25.937751004016064,16.88,48.02
2011-05-21,399.0,14.099999999999998,13.599999999999998,0.0,25.863899082568807,17.48,54.45
2011-05-28,376.0,12.3,36.1,0.0,26.34328282828283,17.72,52.12
2011-06-04,371.0,18.1,30.2,0.0,26.854111675126905,18.33,50.77
2011-06-11,386.0,12.0,13.400000000000002,0.0,26.784449541284406,16.25,51.25
2011-06-18,340.0,13.5,38.0,0.0,25.31808510638298,16.45,38.85
2011-06-25,308.0,16.0,38.0,0.0,26.95627218934911,16.45,52.75
2011-07-02,359.0,16.2,9.9,0.0,26.088834951456313,16.43,46.57
2011-07-09,349.0,16.0,31.900000000000002,0.0,26.051043956043955,16.32,46.77
2011-07-16,281.0,15.799999999999999,40.6,0.6,26.08703947368421,16.97,45.07
2011-07-23,377.0,13.9,19.8,0.0,25.92995283018868,16.92,44.88
2011-07-30,352.0,14.9,8.9,0.0,26.050486486486488,15.28,45.7
2011-08-06,349.0,16.1,17.6,0.2,26.54786885245902,17.0,45.7
2011-08-13,262.0,16.9,30.7,0.1,26.183311258278145,19.53,45.8
2011-08-20,391.0,16.8,14.9,0.0,25.790439024390245,17.53,41.43
2011-08-27,340.0,14.3,27.0,0.0,26.062169312169313,16.12,39.92
2011-09-03,399.0,17.6,14.3,0.0,26.53448275862069,17.07,42.98
2011-09-10,362.0,19.1,25.4,0.0,25.988691588785045,17.27,42.58
2011-09-17,322.0,15.100000000000001,40.1,0.8000000000000002,26.547633136094674,17.87,42.42
2011-09-24,332.0,15.6,17.3,0.0,25.86717277486911,18.02,40.53
2011-10-01,366.0,19.1,9.2,0.0,26.407951219512196,17.85,39.58
2011-10-08,318.0,11.4,30.099999999999998,0.0,25.771525423728814,17.32,40.37
2011-10-15,374.0,11.6,21.6,0.0,25.986459330143543,17.82,38.75
2011-10-22,348.0,10.0,32.9,0.0,25.70475,16.58,41.35
2011-10-29,410.0,13.2,23.2,0.0,26.5304,18.17,57.03
2011-11-05,381.0,11.8,22.8,0.0,26.07257142857143,17.73,45.45
2011-11-12,442.0,13.900000000000002,7.4,0.0,25.810845070422534,16.75,41.92
2011-11-19,334.0,10.8,23.2,0.0,26.25,18.22,38.87
2011-11-26,378.0,11.0,37.8,0.0,25.58461165048544,18.03,40.43
2011-12-03,359.0,11.0,39.6,0.0,25.634526315789476,17.95,47.28
2011-12-10,313.0,2.5,21.3,0.0,25.275923566878983,15.5,40.82
2011-12-17,323.0,1.7000000000000002,26.700000000000003,0.0,25.079112426035504,17.83,40.53
2011-12-24,474.0,4.3,28.8,0.0,25.426081081081083,15.07,44.42
2011-12-31,390.0,10.9,30.8,0.0,25.8030198019802,17.12,41.9
2012-01-07,440.0,10.0,31.9,0.0,26.66074380165289,18.85,41.85
2012-01-14,426.0,1.0,21.1,0.0,26.7592050209205,16.67,42.18
2012-01-21,452.0,10.0,41.9,0.0,26.997166666666665,17.3,48.92
2012-01-28,405.0,3.0,28.6,0.0,26.62778761061947,16.7,48.97
2012-02-04,298.0,-1.7,12.8,0.0,25.702111111111112,17.02,45.67
2012-02-11,289.0,-2.0,18.4,0.0,25.503696969696968,17.93,41.1
2012-02-18,280.0,8.1,40.3,0.0,26.83108974358974,17.7,51.32
2012-02-25,336.0,7.7,10.1,0.3,25.459695431472085,17.73,39.47
2012-03-03,394.0,8.1,30.0,0.0,26.27295154185022,16.1,38.47
2012-03-10,403.0,9.4,14.1,0.0,25.67004761904762,16.85,43.08
2012-03-17,388.0,8.6,25.0,0.6,26.48156950672646,18.13,43.35
2012-03-24,364.0,11.3,15.0,0.0,26.15345291479821,16.92,45.1
2012-03-31,381.0,8.7,16.4,0.0,25.404508928571428,15.43,37.83
2012-04-07,369.0,8.7,14.0,0.0,25.047729729729728,16.92,36.57
2012-04-14,351.0,7.5,25.0,0.0,26.131049723756906,17.25,43.62
2012-04-21,410.0,7.700000000000001,11.900000000000002,0.1,25.864413145539906,17.58,39.93
2012-04-28,399.0,9.2,28.0,0.2,25.678275862068965,16.62,38.9
2012-05-05,327.0,6.2,35.6,0.2,25.82937142857143,18.15,47.83
2012-05-12,425.0,9.7,22.7,0.0,25.81188841201717,17.5,44.28
2012-05-19,381.0,12.3,10.9,0.0,25.93276699029126,18.25,45.77
2012-05-26,399.0,18.2,30.5,0.0,26.441244635193137,17.05,43.82
2012-06-02,369.0,14.0,25.600000000000005,0.0,26.66269035532995,16.85,50.2
2012-06-09,354.0,13.0,39.9,0.0,25.786720430107525,16.52,43.7
2012-06-16,357.0,13.6,42.2,0.1,25.7231,15.8,40.57
2012-06-23,393.0,14.6,30.9,0.0,25.32839285714286,15.47,48.08
2012-06-30,312.0,15.600000000000001,31.600000000000005,0.0,25.752189349112424,18.38,42.18
2012-07-07,376.0,15.3,29.300000000000004,0.4,25.515803108808292,15.8,39.58
2012-07-14,395.0,15.1,26.6,0.4,25.631355140186916,16.7,39.85
2012-07-21,365.0,15.4,17.5,0.0,25.503962264150942,16.92,42.0
2012-07-28,312.0,14.400000000000002,21.0,0.2,26.665178571428573,17.2,48.22
2012-08-04,389.0,16.3,27.699999999999996,0.2,25.718838383838385,16.85,46.38
2012-08-11,386.0,18.3,26.6,0.0,26.31321608040201,17.02,42.0
2012-08-18,379.0,21.1,13.8,0.0,25.797643979057593,15.75,40.4
2012-08-25,290.0,16.6,40.2,0.2,26.005290322580645,16.5,44.32
2012-09-01,419.0,15.0,12.2,0.0,25.71815165876777,17.12,43.8
2012-09-08,499.0,16.9,3.3,0.0,26.368478260869566,17.02,44.37
2012-09-15,416.0,14.400000000000002,8.3,0.0,26.263715596330275,17.85,44.47
2012-09-22,477.0,10.199999999999998,24.8,0.0,26.021981981981984,17.92,39.63
2012-09-29,403.0,11.7,23.4,0.0,25.72019607843137,18.03,39.62
2012-10-06,422.0,9.1,24.3,0.3,26.009024390243905,18.05,39.6
2012-10-13,409.0,9.6,15.8,0.5,25.321911764705884,15.13,48.9
2012-10-20,402.0,11.4,4.9,0.0,25.571866028708136,16.15,40.18
2012-10-27,423.0,4.900000000000001,46.5,0.0,25.903225806451612,16.3,38.55
2012-11-03,475.0,8.2,41.20000000000001,0.0,25.89202643171806,17.28,39.42
2012-11-10,464.0,9.5,19.8,0.6,25.56748987854251,15.9,43.32
2012-11-17,394.0,12.099999999999998,24.6,0.0,25.95360655737705,17.78,38.12
2012-11-24,407.0,8.6,33.0,0.8,25.69676616915423,16.7,37.73
2012-12-01,416.0,0.5,12.8,0.0,25.473653846153848,17.72,40.47
2012-12-08,368.0,2.4,22.8,0.0,24.94703125,16.43,37.7
2012-12-15,296.0,8.9,45.5,0.2,25.8018954248366,16.43,40.23
2012-12-22,266.0,9.4,38.0,2.3,24.264017857142857,16.33,41.78
2012-12-29,333.0,10.2,47.7,0.0,25.31296052631579,14.58,42.25
2013-01-05,465.0,9.5,15.5,0.0,26.307916666666664,17.57,42.15
2013-01-12,418.0,4.2,37.6,0.5,26.380803571428572,17.68,46.32
2013-01-19,120.0,0.2,32.3,0.0,26.02,19.25,41.17
2013-01-26,433.0,3.6,25.2,0.0,26.013632478632477,15.73,40.73
2013-02-02,434.0,2.9,37.8,0.0,26.162418032786885,17.03,43.65
2013-02-09,418.0,1.5,5.5,0.0,26.24967889908257,16.55,40.88
2013-02-16,406.0,4.6,4.0,0.0,26.48029126213592,18.07,39.67
2013-02-23,355.0,0.0,32.4,0.0,25.630833333333335,18.22,38.75
2013-03-02,388.0,2.4,19.9,0.0,25.69731343283582,18.17,41.22
2013-03-09,398.0,7.6,8.0,0.0,25.826479591836733,17.43,41.68
2013-03-16,362.0,6.0,53.3,0.2,26.14441340782123,17.5,41.8
2013-03-23,241.0,2.3,37.2,0.0,24.982698412698415,17.63,41.12
2013-03-30,345.0,2.5,28.7,0.0,25.9640350877193,15.83,36.93
2013-04-06,409.0,3.8,27.0,0.0,26.046901408450704,16.1,41.7
2013-04-13,386.0,8.7,26.400000000000002,0.0,26.10686813186813,17.38,42.28
2013-04-20,320.0,6.4,19.2,0.0,26.165170454545454,17.6,42.75
2013-04-27,393.0,6.3,21.3,0.0,26.04890350877193,16.07,42.07
2013-05-04,368.0,10.6,33.8,0.0,26.461642512077297,17.37,42.38
2013-05-11,298.0,10.5,34.8,0.0,25.45465517241379,15.67,36.05
2013-05-18,329.0,10.9,13.9,0.0,26.139384615384618,15.52,41.52
2013-05-25,399.0,9.6,23.199999999999996,0.0,26.10942307692308,18.15,41.5
2013-06-01,341.0,12.8,21.9,0.0,26.348152173913046,15.32,41.33
2013-06-08,353.0,12.9,34.5,0.0,26.367853403141364,18.57,41.28
2013-06-15,363.0,13.4,39.79999999999999,0.0,26.160518867924527,17.42,43.75
2013-06-22,294.0,14.099999999999998,44.2,0.2,26.0881045751634,18.3,43.02
2013-06-29,394.0,15.0,17.9,0.0,26.399241071428573,17.37,48.1
2013-07-06,416.0,18.0,9.0,0.0,26.73767543859649,17.07,68.27
2013-07-13,391.0,18.3,8.4,0.0,27.040744186046513,17.2,66.03
2013-07-20,384.0,19.8,29.3,0.0,26.75557077625571,17.02,42.7
2013-07-27,367.0,19.6,8.7,0.0,26.5288785046729,16.97,40.0
2013-08-03,394.0,17.4,33.0,0.0,25.81285714285714,15.43,44.97
2013-08-10,378.0,16.9,11.3,0.0,26.455701357466065,15.6,41.48
2013-08-17,386.0,17.2,29.1,0.0,25.891479820627804,16.48,41.37
2013-08-24,329.0,17.2,21.3,0.0,25.86247311827957,16.93,40.02
2013-08-31,366.0,15.2,27.8,0.0,25.919732142857146,18.4,38.82
2013-09-07,431.0,14.1,32.7,0.1,26.451176470588237,16.0,43.7
2013-09-14,387.0,12.0,25.0,0.0,26.062605042016806,16.98,42.2
2013-09-21,391.0,15.4,18.3,0.0,25.403531914893616,16.57,41.23
2013-09-28,347.0,15.6,33.0,0.0,25.804921465968587,16.85,43.52
2013-10-05,410.0,15.3,15.8,0.0,25.855809128630707,16.65,41.1
2013-10-12,399.0,10.2,25.5,0.0,26.107834645669293,16.72,39.22
2013-10-19,390.0,16.2,30.1,0.0,26.25423728813559,15.72,42.57
2013-10-26,350.0,15.4,50.6,0.3,25.78586046511628,16.52,40.87
2013-11-02,405.0,11.7,21.1,0.0,25.54419213973799,15.6,43.0
2013-11-09,399.0,8.6,28.9,0.2,25.68574561403509,16.6,40.52
2013-11-16,307.0,4.4,7.4,0.0,25.84077380952381,18.38,38.68
2013-11-23,350.0,3.9,32.2,0.0,26.508476190476188,16.92,45.13
2013-11-30,368.0,5.2,34.2,0.0,25.999414414414414,16.55,42.27
2013-12-07,305.0,6.200000000000001,18.6,0.0,25.807134831460676,16.6,42.87
2013-12-14,314.0,7.5,24.3,0.0,26.1463687150838,18.23,40.8
2013-12-21,199.0,10.0,53.3,1.6,24.365504587155964,16.17,37.83
2013-12-25,253.0,6.400000000000001,41.0,0.20000000000000004,26.2434375,16.42,38.52
2013-12-28,311.0,6.7,32.1,0.0,25.775209580838325,17.27,41.07
2014-01-04,312.0,9.1,50.2,0.9,26.2437037037037,18.12,43.92
2014-01-11,485.0,6.4,28.2,0.0,26.42179775280899,17.18,43.03
2014-01-18,492.0,8.1,36.8,0.3,26.82163636363636,17.17,46.8
2014-01-25,396.0,8.2,17.3,0.0,26.226837606837606,17.03,43.62
2014-02-01,394.0,5.1,48.4,0.2,26.065309734513274,17.03,44.08
2014-02-08,359.0,7.400000000000001,54.0,0.20000000000000004,26.424884792626727,16.88,42.78
2014-02-15,225.0,7.8,60.1,0.2,26.30435114503817,18.35,37.45
2014-02-22,379.0,6.599999999999999,23.7,0.0,26.107594339622644,16.88,43.37
2014-03-01,357.0,3.8,15.1,0.0,26.522087378640776,17.08,47.83
2014-03-08,475.0,7.9,28.8,0.0,26.400784313725488,16.63,42.45
2014-03-15,464.0,9.1,22.5,0.0,26.67381679389313,16.57,46.25
2014-03-22,384.0,6.5,35.8,0.0,26.55958139534884,16.7,46.05
2014-03-29,464.0,10.8,27.5,0.0,26.35040590405904,15.38,46.37
2014-04-05,333.0,9.8,20.6,0.0,26.4164,18.07,37.33
2014-04-12,420.0,10.6,13.4,0.0,26.58309090909091,16.27,42.48
2014-04-19,487.0,8.8,30.0,0.0,26.236966292134834,16.8,44.38
2014-04-26,417.0,10.6,32.1,0.1,26.329156118143462,16.75,41.62
2014-05-03,432.0,8.2,18.8,0.0,25.80004166666667,17.65,39.42
2014-05-10,347.0,12.4,42.7,0.2,26.474292682926826,16.5,42.93
2014-05-17,445.0,15.4,5.2,0.0,26.3372030651341,16.88,41.2
2014-05-24,390.0,12.3,32.2,0.0,26.415339366515838,16.33,39.3
2014-05-31,485.0,14.1,9.4,0.0,27.2588122605364,16.65,41.12
2014-06-07,405.0,17.1,25.4,0.7,27.173562231759654,17.5,45.58
2014-06-14,441.0,17.8,10.6,0.0,26.557871485943775,16.48,39.23
2014-06-21,468.0,16.9,14.1,0.0,26.83972222222222,18.25,43.78
2014-06-28,375.0,15.7,15.5,0.0,26.03905472636816,16.42,43.0
2014-07-05,333.0,17.1,36.9,0.0,26.04767441860465,16.4,40.95
2014-07-12,453.0,17.8,3.8,0.0,26.469749999999998,17.33,48.03
2014-07-19,345.0,20.7,11.0,0.0,26.550628019323675,16.22,46.45
2014-07-26,397.0,21.0,14.5,0.0,27.22956896551724,16.35,45.88
2014-08-02,505.0,18.2,21.0,0.0,26.903724696356278,17.33,45.53
2014-08-09,424.0,17.5,30.4,0.0,26.989063829787234,16.4,44.88
2014-08-16,397.0,16.0,14.5,0.0,25.9068778280543,16.5,42.3
2014-08-23,383.0,14.099999999999998,18.1,0.0,26.048434343434344,17.37,43.35
2014-08-30,410.0,16.8,30.6,0.0,26.260393013100437,17.33,46.8
2014-09-06,427.0,18.0,1.8,0.0,26.338542510121457,17.27,43.97
2014-09-13,481.0,17.0,24.8,0.0,26.974490566037733,18.32,53.08
2014-09-20,464.0,17.2,11.8,0.0,26.689160583941607,18.35,48.23
2014-09-27,406.0,17.2,5.7,0.0,26.814808510638297,18.4,48.02
2014-10-04,450.0,17.3,30.2,0.0,26.175485074626863,17.02,43.6
2014-10-11,378.0,13.6,21.1,0.5,25.822499999999998,17.45,44.42
2014-10-18,459.0,17.9,37.4,0.0,26.3189010989011,17.95,41.03
2014-10-25,480.0,12.6,22.6,0.0,26.334790874524714,17.33,46.4
2014-11-01,518.0,15.0,23.6,0.0,26.414966216216214,17.28,56.47
2014-11-08,517.0,11.8,47.5,0.4,26.19288256227758,15.32,45.38
2014-11-15,370.0,10.900000000000002,15.5,0.0,26.73951923076923,18.02,41.07
2014-11-22,431.0,12.6,17.9,0.6,26.119597069597067,18.1,44.22
2014-11-29,437.0,10.7,21.9,0.0,25.866482213438736,16.55,40.37
2014-12-06,397.0,0.9,24.7,0.0,25.585454545454546,16.98,38.92
2014-12-13,338.0,2.4,14.8,0.0,25.728711340206186,17.85,43.65
2014-12-20,383.0,6.7,37.1,0.0,25.65490099009901,16.47,46.33
2014-12-27,285.0,3.2,48.4,0.0,27.11957446808511,18.73,45.2
2015-01-03,275.0,6.9,26.6,1.7,26.466666666666665,17.32,43.38
2015-01-10,462.0,11.4,58.4,0.0,26.526129032258062,17.47,40.72
2015-01-17,533.0,3.5,28.299999999999997,0.0,26.736415094339623,17.47,44.47
2015-01-24,493.0,2.9,30.9,0.0,26.741766917293234,17.57,45.35
2015-01-31,434.0,1.4,29.5,0.5,26.82693181818182,17.77,44.37
2015-02-07,429.0,2.5,35.1,0.0,26.856866952789698,17.88,45.37
2015-02-14,423.0,6.0,12.9,0.2,26.846349809885933,17.67,44.73
2015-02-21,384.0,2.3,26.1,0.2,27.096799999999998,17.62,45.97
2015-02-28,396.0,6.8,40.3,0.3,26.731428571428573,17.12,41.97
2015-03-07,505.0,8.5,31.1,0.0,26.43814035087719,17.3,40.62
2015-03-14,511.0,5.3,28.799999999999997,0.0,26.36520134228188,16.77,40.5
2015-03-21,488.0,7.6,22.1,0.0,26.92578358208955,17.78,42.53
2015-03-28,446.0,9.8,35.8,0.0,26.096762295081966,15.7,46.37
2015-04-04,440.0,8.2,30.2,0.0,26.575584415584416,16.52,41.23
2015-04-11,373.0,10.1,39.8,0.4,26.1923,17.9,39.15
2015-04-18,505.0,9.5,35.4,0.0,26.737162629757787,16.13,44.62
2015-04-25,415.0,10.8,26.6,0.1,26.317457627118646,15.95,41.45
2015-05-02,446.0,9.6,28.8,0.0,26.04048387096774,16.1,41.15
2015-05-09,485.0,11.7,40.9,0.0,26.26343537414966,16.15,41.33
2015-05-16,468.0,14.0,24.5,0.0,26.627837837837838,17.95,41.07
2015-05-23,499.0,15.1,12.0,0.0,26.760305084745763,15.35,44.85
2015-05-30,499.0,12.2,21.7,0.0,26.384740740740742,16.2,42.08
2015-06-06,513.0,13.6,27.7,0.0,27.01618556701031,18.08,39.48
2015-06-13,527.0,14.400000000000002,35.5,0.0,26.401408934707906,16.2,37.65
2015-06-20,461.0,14.4,11.5,0.0,26.291417322834647,17.37,46.05
2015-06-27,486.0,16.9,23.6,0.0,26.627254901960782,16.38,49.85
2015-07-04,447.0,19.3,26.9,0.0,26.247130044843047,17.55,45.52
2015-07-11,415.0,18.9,21.0,0.0,26.561327800829876,16.72,41.6
2015-07-18,372.0,16.4,13.800000000000002,0.0,26.535945945945944,17.98,45.37
2015-07-25,427.0,14.9,33.1,0.0,26.177452830188678,15.73,46.43
2015-08-01,457.0,15.400000000000002,5.6,0.0,25.581220657276997,15.55,39.82
2015-08-08,373.0,17.4,13.2,0.0,26.261658031088082,16.42,39.32
2015-08-15,341.0,15.6,16.1,0.0,26.522485875706213,18.1,45.25
2015-08-22,357.0,20.7,21.3,0.0,26.608672985781993,16.7,42.28
2015-08-29,408.0,17.4,13.2,0.0,26.56260663507109,16.9,44.87
2015-09-05,493.0,13.8,17.2,0.0,26.66595041322314,16.87,43.82
2015-09-12,454.0,16.2,36.7,0.0,26.25966417910448,16.7,39.38
2015-09-19,427.0,13.4,18.5,0.0,26.63734439834025,16.63,45.1
2015-09-26,437.0,13.0,16.1,0.0,26.433968253968253,17.72,41.97
2015-10-03,462.0,11.3,11.5,0.0,26.40610909090909,16.85,41.87
2015-10-10,439.0,13.2,24.8,0.0,26.39143442622951,16.75,43.02
2015-10-17,420.0,10.8,31.0,0.0,26.801260162601626,15.53,44.4
2015-10-24,390.0,13.5,27.2,0.0,26.603679653679652,16.88,46.63
2015-10-31,523.0,11.8,20.4,0.0,26.905935251798564,16.78,47.43
2015-11-07,400.0,15.9,43.2,0.0,26.41207627118644,16.97,42.57
2015-11-14,392.0,10.4,33.5,0.3,26.564273127753303,17.72,40.35
2015-11-21,317.0,3.5,49.8,0.8,26.891731843575418,17.32,41.0
2015-11-28,372.0,6.1,35.1,0.0,26.534823008849557,17.47,41.13
2015-12-05,294.0,11.0,50.7,0.0,26.452865168539326,17.85,38.58
2015-12-12,310.0,9.9,27.9,0.0,26.138602150537633,18.28,42.43
2015-12-19,397.0,13.5,36.0,0.0,25.83924778761062,16.27,41.15
2015-12-26,354.0,13.0,45.0,0.09999999999999999,26.39377245508982,16.73,41.62
2016-01-01,376.0,5.9,29.8,0.0,27.259047619047617,17.03,45.53
2016-01-02,311.0,10.2,49.4,0.09999999999999999,27.111758241758242,17.15,41.98
2016-01-09,581.0,9.0,35.8,0.0,27.203354430379747,18.28,41.72
2016-01-16,492.0,0.4,24.2,0.0,26.86394160583942,18.17,40.15
2016-01-23,483.0,7.2,18.2,0.0,27.273985239852397,18.3,47.08
2016-01-30,432.0,7.4,35.5,0.7,26.510323886639675,16.7,40.6
2016-02-06,427.0,9.7,46.0,0.1,26.910666666666668,18.0,45.27
2016-02-13,311.0,4.1,41.7,1.0,26.69943181818182,18.15,42.75
2016-02-20,426.0,8.9,37.6,0.0,26.76231707317073,16.45,47.52
2016-02-27,365.0,4.1,35.6,0.0,27.14105,18.43,43.57
2016-03-05,403.0,2.3,26.3,0.0,27.12044176706827,16.83,43.53
2016-03-12,470.0,4.1,13.0,0.0,26.717985074626867,16.47,41.47
2016-03-19,427.0,6.1,29.1,0.0,27.052307692307693,17.6,43.38
2016-03-26,432.0,8.4,42.5,0.2,27.051203319502076,16.52,42.93
2016-04-02,395.0,9.0,22.1,0.0,27.27794258373206,18.2,44.62
2016-04-09,352.0,7.9,19.4,0.1,26.714484536082473,17.82,41.85
2016-04-16,370.0,6.5,17.9,0.0,27.020190476190475,16.38,47.78
2016-04-23,416.0,6.9,29.3,0.0,26.576138211382112,16.53,42.02
2016-04-30,432.0,7.8,14.7,0.0,26.250869565217393,15.97,53.85
2016-05-07,387.0,14.7,11.8,0.0,26.555305164319247,17.9,43.38
2016-05-14,466.0,8.9,21.3,0.0,26.34614785992218,16.53,42.43
2016-05-21,415.0,13.2,29.4,0.0,26.824872881355933,15.5,43.2
2016-06-04,316.0,14.2,8.9,0.0,26.730923913043476,19.27,42.3
2016-06-11,419.0,16.9,3.1,0.0,26.906936936936937,17.73,48.15
2016-06-18,371.0,15.1,12.0,0.0,26.72701754385965,17.8,46.03
2016-06-25,344.0,15.5,15.6,0.0,26.305608465608465,17.95,37.18
2016-07-02,475.0,14.5,33.9,0.0,26.783684210526317,16.98,48.25
2016-07-09,348.0,17.2,28.600000000000005,0.0,26.633663366336634,17.23,40.0
2016-07-16,309.0,18.8,18.6,0.0,27.339947368421054,18.75,49.4
2016-07-23,334.0,20.0,8.8,0.0,26.908720379146917,17.1,46.02
2016-07-30,416.0,18.1,9.5,0.0,26.378544600938966,16.78,44.98
2016-08-06,443.0,18.1,10.0,0.0,26.960049261083746,15.92,47.37
2016-08-13,331.0,18.6,19.7,0.0,26.549689119170985,18.03,41.73
2016-08-20,331.0,16.4,44.5,0.2,26.601491712707183,18.43,39.88
2016-08-27,312.0,21.2,24.3,0.0,27.235862068965517,16.67,46.37
2016-09-03,435.0,16.9,19.4,0.0,27.269141630901288,18.35,43.67
2016-09-10,381.0,18.5,31.8,0.0,27.21677570093458,16.65,42.47
2016-09-17,344.0,14.1,34.2,0.7,26.364656084656087,17.75,36.65
2016-09-24,359.0,18.2,28.5,0.0,26.59809523809524,18.3,44.7
2016-10-01,313.0,13.2,30.6,0.4,26.181650485436894,18.25,38.85
2016-10-08,391.0,12.7,18.2,0.0,26.46120535714286,17.8,40.85
2016-10-15,316.0,13.4,31.1,0.1,26.824170854271358,17.93,43.5
2016-10-22,365.0,9.3,20.8,0.0,26.677587719298245,17.33,41.67
2016-10-29,351.0,14.0,8.2,0.0,26.32036529680365,16.9,45.48
2016-11-05,407.0,5.3,26.1,0.0,26.413516949152545,15.92,42.78
2016-11-12,220.0,9.6,41.9,1.3,26.603157894736842,18.55,45.15
2016-11-19,288.0,5.0,24.9,0.0,26.84783783783784,18.8,44.02
2016-11-26,351.0,5.799999999999999,25.6,0.0,26.552906403940884,17.0,42.5
2016-12-03,312.0,5.6,33.6,0.0,26.139574468085105,18.2,41.78
2016-12-10,336.0,12.0,27.4,0.0,25.60891304347826,17.25,42.6
2016-12-17,367.0,6.2,4.1,0.0,26.16648514851485,16.45,41.55
2016-12-24,442.0,7.7,36.2,0.0,26.071981566820277,16.9,37.73
2016-12-31,390.0,7.2,9.4,0.0,26.567399103139014,17.35,43.33
2017-01-01,418.0,9.2,22.0,0.0,28.39858490566038,17.67,55.95
2017-01-07,439.0,7.1,11.8,0.0,27.254980988593157,17.22,59.93
2017-01-14,475.0,2.0,20.8,0.0,27.164264150943396,17.12,60.5
2017-01-21,425.0,-0.2,12.9,0.0,27.172310756972113,18.12,57.17
2017-01-28,398.0,7.1,27.6,0.0,27.680464135021097,17.13,57.6
2017-02-04,381.0,5.7,5.5,1.4,26.97421524663677,17.22,49.53
2017-02-11,306.0,0.6,19.1,0.0,26.877668393782386,17.25,44.65
2017-02-18,444.0,7.9,10.9,0.0,27.091166666666666,16.77,43.35
2017-02-25,334.0,8.0,29.5,0.0,27.214202898550724,16.9,42.57
2017-03-04,399.0,8.6,12.1,0.0,27.31366379310345,16.88,48.5
2017-03-11,365.0,9.699999999999998,12.4,0.0,27.43572072072072,16.67,44.33
2017-03-18,438.0,12.8,29.5,0.0,27.598962962962965,16.6,56.82
2017-03-25,434.0,10.2,26.3,0.0,27.524439834024896,16.75,56.48
2017-04-01,423.0,10.4,19.1,0.1,27.06616935483871,16.35,44.55
2017-04-08,383.0,11.699999999999998,10.9,0.0,26.842326732673264,16.43,47.85
2017-04-15,420.0,11.4,19.9,0.0,27.997058823529414,17.77,57.05
2017-04-22,451.0,12.2,15.9,0.0,27.675708661417325,16.55,44.42
2017-04-29,485.0,11.1,12.6,0.0,28.048979591836734,16.3,75.12
2017-05-06,633.0,13.8,23.3,0.0,27.882058823529412,16.3,77.37
2017-05-13,446.0,13.2,22.9,0.0,27.6589453125,17.93,51.72
2017-05-20,454.0,12.6,21.4,0.0,27.766666666666666,17.75,55.88
2017-05-27,371.0,17.0,26.5,0.0,28.586543778801843,16.72,59.28
2017-06-03,373.0,14.4,15.0,0.0,27.55476793248945,18.55,51.82
2017-06-10,400.0,16.3,21.1,0.0,27.789036144578315,16.38,47.3
2017-06-17,385.0,20.9,3.9,0.0,28.928969957081545,18.42,63.38
2017-06-24,361.0,17.6,25.8,0.0,28.37031390134529,16.53,61.52
2017-07-01,500.0,16.3,17.1,0.0,28.49177685950413,16.67,55.23
2017-07-08,373.0,20.3,6.5,0.0,28.292369668246444,16.62,48.75
2017-07-15,356.0,17.2,18.4,0.0,28.032924528301884,16.83,51.6
2017-07-22,451.0,16.7,24.2,0.1,27.491612903225807,16.3,59.98
2017-07-29,385.0,17.6,19.0,0.0,26.62855072463768,16.92,50.52
2017-08-05,477.0,17.8,7.9,0.0,27.06507692307692,18.8,44.1
2017-08-12,388.0,18.5,17.0,0.0,27.503139013452913,17.62,46.67
2017-08-19,379.0,16.3,18.7,0.0,27.279170305676857,17.07,49.67
2017-08-26,327.0,19.3,8.0,0.0,27.55932291666667,16.9,45.13
2017-09-02,441.0,16.1,7.1,0.0,27.700198412698413,16.88,56.93
2017-09-09,423.0,14.2,14.0,0.0,27.687125984251967,16.75,43.68
2017-09-16,366.0,12.4,10.300000000000002,0.0,27.352764976958525,16.9,46.42
2017-09-23,392.0,16.0,15.5,0.0,27.609508928571426,16.65,47.0
2017-09-30,438.0,15.0,15.8,0.0,27.74059523809524,16.72,55.87
2017-10-07,378.0,15.5,32.3,0.0,26.904579439252338,17.47,44.2
2017-10-14,417.0,16.4,19.7,0.0,27.265307017543858,16.62,43.67
2017-10-28,372.0,9.300000000000002,17.6,0.0,27.400396475770926,17.08,45.83
2017-11-04,461.0,13.7,19.2,0.2,27.365714285714287,15.3,47.83
2017-11-11,384.0,12.0,20.600000000000005,0.10000000000000002,27.388294930875578,16.63,46.92
2017-11-18,411.0,7.2,15.9,0.0,27.303372549019606,16.53,44.17
2017-11-25,466.0,2.3,17.1,0.0,26.89163346613546,16.77,45.88
2017-12-02,399.0,2.8,12.1,0.0,26.700465116279073,16.88,48.63
2017-12-09,300.0,0.0,16.2,0.0,27.147345679012346,17.33,51.42
2017-12-16,375.0,0.7,19.7,0.0,27.30458762886598,17.02,42.58
2017-12-23,388.0,9.4,15.2,0.0,27.32131067961165,16.07,43.68
2017-12-30,398.0,12.0,32.9,0.0,27.750424528301888,17.07,53.63
2018-01-01,496.0,7.8,26.899999999999995,0.3,28.691287128712872,17.17,54.07
2018-01-06,601.0,4.0,17.6,0.0,27.968213058419245,17.12,54.98
2018-01-13,485.0,6.9,23.0,0.0,27.711486988847586,17.08,49.37
2018-01-20,396.0,6.5,16.1,0.4,27.44233644859813,18.33,48.4
2018-01-27,502.0,7.8,21.7,0.0,27.418823529411764,17.05,50.82
2018-02-03,501.0,3.3,4.4,0.3,28.466988416988418,18.35,55.7
2018-02-10,386.0,6.3,20.1,0.0,27.688616071428573,16.93,43.37
2018-02-17,429.0,4.5,7.9,0.0,27.24372,18.18,56.87
2018-02-24,397.0,0.3,20.6,0.0,27.526008968609865,17.8,43.22
2018-03-03,289.0,3.6,21.1,0.0,27.228074534161493,18.37,44.35
2018-03-10,394.0,10.3,20.3,0.3,27.78008695652174,16.78,47.25
2018-03-17,400.0,2.0,32.2,0.0,28.279647577092508,17.13,45.87
2018-03-24,415.0,7.7,8.7,0.1,27.86878260869565,16.85,47.43
2018-03-31,476.0,5.9,17.3,0.0,28.095805084745763,16.78,45.8
2018-04-07,376.0,11.5,22.1,0.4,28.239534883720932,18.63,43.52
2018-04-14,396.0,9.5,4.7,0.0,28.18532663316583,17.9,59.42
2018-04-21,453.0,16.4,13.1,0.0,28.581673151750973,17.88,45.3
2018-04-28,451.0,9.1,15.1,0.0,27.56203007518797,16.5,46.02
2018-05-05,475.0,15.8,13.2,0.0,27.79427046263345,17.55,44.82
2018-05-12,512.0,11.9,8.9,0.0,27.824980988593158,17.73,61.88
2018-05-19,499.0,13.8,2.7,0.0,30.442676056338026,18.37,56.88
2018-05-26,439.0,18.3,20.9,0.0,28.317527272727272,18.1,49.27
2018-06-02,414.0,17.7,14.8,0.0,27.33533864541833,18.52,46.43
2018-06-09,395.0,17.2,12.2,0.0,27.54183856502242,16.65,57.43
2018-06-16,424.0,14.3,24.6,0.5,27.467177419354837,17.9,51.27
2018-06-23,352.0,17.1,13.9,0.0,27.512245989304812,18.38,49.28
2018-06-30,348.0,19.7,16.0,0.0,27.75044776119403,18.87,43.4
2018-07-07,395.0,23.7,2.6,0.0,28.18072164948454,18.83,51.95
2018-07-14,335.0,19.8,6.6,0.0,28.688412698412698,17.98,53.4
2018-07-21,358.0,20.300000000000004,5.799999999999999,0.0,27.691871921182265,17.92,55.53
2018-07-28,366.0,17.8,36.6,0.0,27.944150943396227,18.4,55.05
2018-08-04,477.0,23.9,14.9,0.0,27.504397905759163,17.93,54.32
2018-08-11,314.0,16.7,7.3,0.0,26.980847457627117,17.3,51.95
2018-08-18,357.0,19.1,19.4,0.0,27.054787234042553,17.47,45.68
2018-08-25,386.0,14.2,15.1,0.0,27.385906976744188,17.58,50.37
2018-09-01,394.0,18.2,15.5,0.0,28.31042194092827,17.5,65.17
2018-09-08,439.0,15.7,18.9,0.1,27.4632421875,17.28,49.68
2018-09-15,455.0,15.599999999999998,10.5,0.0,27.291325757575756,17.35,62.55
2018-09-22,395.0,13.6,15.3,0.1,27.23807531380753,17.8,51.62
2018-09-29,401.0,12.8,8.6,0.0,27.56155462184874,17.17,57.88
2018-10-06,441.0,12.7,9.8,0.0,27.911895910780668,17.03,52.48
2018-10-13,427.0,19.1,27.5,0.0,27.54825726141079,18.25,50.37
2018-10-20,442.0,11.8,3.5,0.0,27.25124542124542,16.98,38.02
2018-10-27,342.0,4.2,21.0,0.0,27.849466019417473,15.95,54.9
2018-11-03,508.0,12.1,26.9,0.0,27.488639455782312,17.2,49.2
2018-11-10,355.0,12.0,20.7,0.0,27.864252336448597,17.82,49.48
2018-11-17,614.0,7.699999999999999,16.5,0.0,27.835128205128203,18.67,50.02
2018-11-24,323.0,7.299999999999999,17.9,0.3,26.874242424242425,18.02,53.48
2018-12-01,243.0,10.2,32.8,1.7,27.126571428571427,15.92,52.4
2018-12-08,383.0,9.2,32.8,0.0,27.202832618025752,17.22,51.87
2018-12-15,343.0,3.2999999999999994,30.5,0.10000000000000002,27.058985507246376,16.5,55.1
2018-12-22,330.0,8.9,19.3,0.0,27.145742574257422,17.7,54.32
2018-12-29,416.0,8.9,20.3,0.0,27.794444444444444,17.72,52.07
2019-01-01,826.0,5.3,13.9,0.0,29.00827906976744,17.38,58.58
2019-01-05,542.0,0.5,12.4,0.0,27.946984126984123,17.32,51.6
2019-01-12,550.0,7.800000000000001,22.3,0.0,28.184686468646863,17.33,54.3
2019-01-19,443.0,4.9,23.8,0.0,27.95136186770428,19.07,47.05
2019-01-26,412.0,8.1,26.3,0.0,28.320075187969927,19.62,62.23
2019-02-02,424.0,0.6,24.1,0.0,27.843880597014923,17.42,48.6
2019-02-09,493.0,8.4,39.4,0.0,27.803156028368793,19.02,48.8
2019-02-16,417.0,9.3,13.6,0.0,27.778181818181817,18.02,51.93
2019-02-23,400.0,9.6,12.6,0.0,28.796968325791855,18.78,54.05
2019-03-02,453.0,9.9,22.7,0.1,28.288853046594983,17.37,49.07
2019-03-09,454.0,9.2,32.0,0.0,27.764545454545456,17.98,45.6
2019-03-16,482.0,9.7,37.7,0.2,29.019782608695653,16.6,54.72
2019-03-23,435.0,10.2,13.0,0.0,27.854166666666668,17.23,50.93
2019-03-30,524.0,12.0,5.2,0.0,27.672046979865772,17.82,53.82
2019-04-06,434.0,10.5,22.5,0.0,27.776513409961687,18.12,54.07
2019-04-13,433.0,6.6,16.6,0.0,28.516026200873362,17.17,62.33
2019-04-20,439.0,16.8,16.8,0.0,28.047435897435896,18.92,64.12
2019-04-27,460.0,9.7,40.0,0.0,27.620492424242425,17.85,55.7
2019-05-04,462.0,7.799999999999999,25.7,0.1,27.291955719557194,17.57,53.98
2019-05-11,396.0,11.9,15.5,0.2,27.743127413127414,17.88,53.17
2019-05-18,477.0,13.6,3.2,0.1,27.60258064516129,18.55,63.57
2019-05-25,438.0,16.8,10.2,0.0,27.85534693877551,17.82,52.08
2019-06-01,430.0,16.8,8.0,0.0,27.961849056603775,19.25,51.8
2019-06-08,478.0,14.3,39.1,0.0,27.52201492537313,17.62,54.47
2019-06-15,455.0,14.9,21.3,0.1,28.211061224489796,17.58,54.12
2019-06-22,400.0,15.9,9.6,0.0,28.352149122807017,17.1,54.52
2019-06-29,353.0,22.4,16.4,0.0,28.825933014354067,17.73,51.53
2019-07-06,582.0,19.9,5.8,0.0,28.256493055555556,17.65,58.67
2019-07-13,421.0,19.1,9.3,0.0,28.053377192982456,17.55,52.43
2019-07-20,377.0,18.2,27.5,0.2,27.730452488687785,17.08,50.57
2019-07-27,325.0,16.9,14.4,1.5,27.54901960784314,18.9,49.05
2019-08-03,516.0,18.9,8.7,0.0,27.897450980392158,17.73,53.65
2019-08-10,366.0,17.7,50.29999999999999,0.10000000000000002,26.852958579881655,16.32,47.12
2019-08-17,409.0,17.7,26.0,0.0,27.47077868852459,17.93,49.57
2019-08-24,373.0,21.5,11.0,0.0,28.152272727272727,18.75,53.6
2019-08-31,419.0,19.2,11.7,0.0,28.358976377952757,19.02,49.27
2019-09-07,416.0,15.1,19.4,0.0,27.217020408163265,18.22,47.9
2019-09-14,383.0,16.5,12.0,0.0,27.562928870292886,17.85,51.9
2019-09-21,392.0,17.4,22.7,0.0,27.263029045643155,17.35,48.3
2019-09-28,371.0,16.5,33.1,0.0,27.54589519650655,18.07,54.53
2019-10-05,406.0,13.1,8.2,0.0,27.685617529880478,18.67,53.05
2019-10-12,411.0,11.9,3.6,0.4,27.64653386454183,18.45,47.87
2019-10-19,349.0,12.6,22.3,0.0,27.435105263157894,18.83,49.85
2019-10-26,391.0,16.3,37.2,0.0,28.69138392857143,16.68,55.83
2019-11-02,223.0,11.4,48.7,0.4,27.321160714285714,17.9,40.45
2019-11-09,446.0,4.6,3.2,0.0,27.63113636363636,18.45,50.9
2019-11-16,371.0,5.4,14.9,0.0,27.273212669683257,18.78,46.98
2019-11-23,390.0,10.4,18.2,0.4,28.115661157024793,18.78,55.48
2019-11-30,438.0,6.9,18.7,0.0,27.473599999999998,18.23,51.25
2019-12-07,424.0,7.4,15.9,0.0,27.42275590551181,18.9,56.77
2019-12-14,348.0,7.5,26.8,0.1,27.31365296803653,17.97,53.0
2019-12-21,405.0,9.1,30.6,0.1,26.9949765258216,17.53,45.62
2019-12-28,440.0,8.8,13.400000000000002,0.0,27.706384976525822,17.6,51.0
2020-01-01,859.0,6.0,5.599999999999999,0.0,28.202812499999997,17.82,57.7
2020-01-04,572.0,5.4,20.2,0.0,27.70751677852349,18.67,49.73
2020-01-11,569.0,8.9,32.8,0.0,27.91490625,18.35,53.35
2020-01-18,607.0,2.2,11.0,0.0,27.833764705882352,17.23,46.82
2020-01-25,541.0,6.1,5.6,0.0,27.747101910828025,18.63,53.98
2020-02-01,500.0,9.9,29.0,0.0,27.660999999999998,18.52,57.72
2020-02-08,488.0,8.3,14.9,0.1,27.903233082706766,19.07,51.73
2020-02-15,583.0,10.4,38.1,0.0,27.563129770992365,17.4,52.22
2020-02-22,434.0,10.5,42.5,0.0,28.083440366972475,18.4,49.52
2020-02-29,388.0,5.6,28.5,1.1,27.622176165803108,18.3,51.73
2020-03-07,467.0,6.8,14.6,0.0,27.626946564885497,18.57,56.3
2020-03-14,339.0,8.9,19.1,0.10000000000000002,27.444010152284264,18.72,49.85
2021-07-24,228.0,18.5,15.0,0.0,28.02323943661972,18.82,55.45
2021-07-31,292.0,18.0,14.600000000000001,0.0,28.266981132075472,18.48,55.27
2021-08-07,298.0,15.400000000000002,26.6,0.9000000000000001,27.970261437908494,17.52,58.6
2021-08-14,317.0,18.6,15.299999999999999,0.0,27.795269461077847,18.25,49.55
2021-08-21,347.0,17.4,15.1,0.2,28.096182795698926,17.38,55.75
2021-08-28,307.0,17.0,22.3,0.0,28.087714285714288,18.45,53.05
2021-09-04,350.0,18.9,16.4,0.0,27.40107317073171,17.77,49.8
2021-09-11,309.0,17.8,16.2,0.0,27.618409090909093,18.38,45.77
2021-09-18,344.0,18.8,12.2,0.0,27.768316326530613,17.58,46.1
2021-09-25,326.0,17.2,2.3,0.0,27.90967032967033,16.97,52.67
2021-10-02,353.0,13.299999999999999,31.5,1.3,27.2051871657754,16.7,43.65
2021-10-09,326.0,13.7,7.9,0.0,28.598916256157636,17.45,60.05
2021-10-16,341.0,13.8,16.0,0.3,27.5521568627451,17.38,54.87
2021-10-23,322.0,10.5,4.9,0.0,28.079473684210523,18.2,57.0
2021-10-30,249.0,12.2,21.7,2.2,27.133586206896553,17.3,49.43
2021-11-06,350.0,11.3,18.9,0.0,26.9879185520362,17.98,45.55
2021-11-13,359.0,10.5,15.5,0.0,27.663677130044842,17.17,54.27
2021-11-20,340.0,10.5,4.8,0.0,27.32951690821256,17.27,55.98
2021-11-27,295.0,3.3,34.3,0.0,27.435521472392637,17.82,46.58
2021-12-04,299.0,6.9,20.8,0.0,27.708864864864868,17.42,45.78
2021-12-11,302.0,3.1999999999999997,5.2,0.0,28.003131868131867,17.77,51.93
2021-12-18,318.0,7.1,20.8,0.0,27.407938144329897,17.43,47.98
2022-01-01,215.0,12.2,26.0,0.0,28.147265625,17.87,52.27
2022-01-08,311.0,9.1,34.2,0.9,27.15494252873563,17.47,48.87
2022-01-15,422.0,5.4,11.8,0.0,28.523605150214593,18.02,54.55
2022-01-22,414.0,0.8,10.8,0.0,27.928451882845188,19.0,62.18
2022-01-29,375.0,9.9,25.7,0.0,27.482918454935625,17.52,50.12
2022-02-05,404.0,4.900000000000001,17.6,0.0,28.02863436123348,17.6,51.83
2022-02-12,386.0,6.4,28.0,0.0,27.852785388127856,16.87,49.42
2022-02-19,466.0,6.9,28.9,0.0,28.080095238095236,17.32,51.35
2022-02-26,377.0,7.4,22.699999999999996,0.0,28.733853211009173,17.95,51.08
2022-03-05,386.0,5.9,23.5,0.0,28.216730769230768,19.32,49.28
2022-03-12,356.0,8.5,26.1,0.0,28.71700934579439,17.32,52.42
2022-03-19,347.0,9.1,24.899999999999995,0.0,27.600138248847923,18.42,50.15
2022-03-26,364.0,11.6,17.6,0.0,27.645,19.42,52.38
2022-04-02,295.0,5.0,14.6,0.0,28.040962566844918,17.63,58.32
2022-04-09,304.0,6.3999999999999995,12.0,0.0,28.208443113772457,17.8,59.57
2022-04-16,339.0,13.2,13.1,0.0,28.33872549019608,17.6,59.03
2022-04-23,339.0,13.8,23.8,0.0,27.781137440758293,17.72,53.05
2022-04-30,381.0,10.7,10.7,0.0,27.55094170403587,18.58,50.97
2022-05-07,335.0,15.4,6.5,0.20000000000000004,28.283811881188118,16.95,58.55
2022-05-14,391.0,13.9,9.2,0.0,27.748677685950415,17.58,57.08
2022-05-21,359.0,14.0,13.5,0.0,27.689483568075115,17.08,48.63
2022-05-28,334.0,14.0,12.4,0.0,28.107214611872145,18.62,53.8
2022-06-04,311.0,16.5,29.0,0.0,27.930326086956523,17.98,55.12
2022-06-11,300.0,16.4,24.3,0.1,28.023945945945947,16.72,53.33
2022-06-18,263.0,24.1,11.5,0.0,28.211839080459768,17.92,46.02
2022-06-25,270.0,15.8,26.0,0.3,27.318758169934643,19.4,47.48
2022-07-02,410.0,16.6,21.399999999999995,0.0,27.570792079207923,17.83,62.55
2022-07-09,270.0,21.4,13.399999999999999,0.0,28.1440251572327,18.97,50.23
2022-07-16,316.0,20.8,5.4,0.0,28.01974358974359,17.93,54.73
2022-07-23,309.0,19.5,10.7,0.0,28.089454545454547,17.68,56.93
2022-07-30,301.0,19.9,11.0,0.0,27.466123595505618,17.5,44.32
2022-08-06,483.0,18.1,8.1,0.0,28.33308108108108,18.68,54.1
2022-08-13,251.0,25.9,9.5,0.0,28.27733766233766,18.37,54.13
2022-08-20,333.0,19.1,17.3,0.0,28.204545454545453,18.48,55.97
2022-08-27,339.0,19.7,6.8,0.1,28.246439790575916,19.05,54.1
2022-09-03,383.0,19.5,12.8,0.1,27.963452914798207,17.82,57.83
2022-09-10,332.0,16.2,15.1,0.0,28.6251256281407,17.65,50.73
2022-09-17,343.0,11.6,13.0,0.0,27.498975609756098,19.0,53.65
2022-09-24,362.0,13.099999999999998,18.1,0.0,27.739311926605506,17.13,59.45
2022-10-01,403.0,15.4,21.600000000000005,0.0,28.648801843317973,17.5,67.28
2022-10-08,353.0,11.6,9.3,0.0,28.22966019417476,17.1,62.0
2022-10-15,390.0,15.2,26.6,0.0,28.06343347639485,19.2,82.23
2022-10-22,334.0,16.0,18.3,0.0,28.095621621621618,17.47,59.03
2022-10-29,337.0,18.2,19.4,0.0,28.320248756218906,18.47,55.97
2022-11-05,351.0,12.0,17.3,0.5,27.85794871794872,17.55,51.77
2022-11-12,400.0,13.2,13.0,0.0,28.308530612244898,18.93,64.5
2022-11-19,338.0,6.4,17.7,0.0,27.99422222222222,19.13,55.63
2022-11-26,393.0,11.699999999999998,26.100000000000005,0.0,28.42855855855856,16.87,55.65
2022-12-03,347.0,5.5,16.9,0.0,28.68866336633663,18.93,81.5
2022-12-10,253.0,-0.5,6.9,0.0,27.814709677419355,18.13,50.15
2022-12-17,253.0,1.7999999999999998,8.4,0.0,27.87826388888889,18.93,50.88
2022-12-24,372.0,8.5,9.5,0.0,28.234649122807017,17.23,53.12
2022-12-31,374.0,13.0,43.7,0.1,28.91038674033149,18.35,51.85
2023-01-07,406.0,10.0,39.2,0.6,28.34469565217391,18.25,65.35
2023-01-21,359.0,0.6,10.1,0.0,29.771505376344088,19.15,52.08
2023-01-28,380.0,1.6,11.1,0.0,28.163531914893618,19.0,53.07
2023-02-04,351.0,8.0,8.7,0.0,28.644978354978353,17.18,56.02
2023-02-11,346.0,6.8,10.1,0.0,28.61916666666667,18.52,53.07
2023-02-18,376.0,10.0,33.1,0.0,29.134830917874396,17.52,55.0
2023-02-25,374.0,4.2,18.8,0.0,28.384619289340105,17.23,53.28
2023-03-04,355.0,5.1,14.7,0.0,28.571220657276996,17.03,53.22
2023-03-11,360.0,4.3,14.699999999999998,0.0,28.14927927927928,19.02,49.52
2023-03-18,357.0,9.1,20.6,0.5,27.758241206030153,17.23,49.47
2023-03-25,448.0,10.4,35.9,0.0,27.938852459016392,18.25,51.15
2023-04-01,303.0,9.2,11.5,0.2,28.581358695652174,18.72,52.58
2023-04-08,409.0,9.8,4.4,0.0,28.49836363636364,17.28,57.75
2023-04-15,338.0,8.7,21.1,0.1,28.25769230769231,19.97,52.63
2023-04-22,374.0,9.7,4.7,0.0,27.910169491525423,16.73,53.52
2023-04-29,442.0,11.8,6.0,0.0,27.651304347826088,16.58,55.72
2023-05-06,433.0,12.2,11.7,0.1,27.693698113207546,17.87,51.95
2023-05-13,409.0,14.0,22.7,0.0,28.576204081632653,18.88,54.55
2023-05-20,376.0,14.6,20.600000000000005,0.0,28.201261261261262,18.55,57.78
2023-05-27,367.0,14.6,17.1,0.0,28.17912037037037,18.43,52.6
2023-06-03,345.0,16.2,18.899999999999995,0.0,27.942073732718896,19.28,54.15
2023-06-10,331.0,23.3,16.6,0.0,28.28310185185185,17.33,53.82
2023-06-17,310.0,21.2,8.0,0.0,28.336443298969073,18.88,51.5
2023-06-24,355.0,20.1,14.5,0.0,27.839760765550242,17.15,53.22
2023-07-01,367.0,19.2,21.800000000000004,0.0,28.33295566502463,19.63,58.62
2023-07-08,318.0,19.4,14.199999999999998,2.7000000000000006,28.035841584158415,18.2,57.33
2023-07-15,377.0,16.9,40.3,0.10000000000000002,27.930885416666666,17.5,50.98
2023-07-22,375.0,15.9,27.2,0.3,27.832941176470587,18.0,51.35
2023-07-29,384.0,17.9,28.5,0.3,28.46973333333333,18.1,67.33
2023-08-05,456.0,15.0,33.2,0.2,27.899119496855345,18.85,52.53
2023-08-12,378.0,17.8,30.1,0.5,29.129473684210527,17.22,57.13
2023-08-19,339.0,18.8,29.2,0.1,28.449476439790576,18.7,52.9
2023-08-26,387.0,15.4,21.7,3.5,28.85176724137931,19.43,51.53
2023-09-02,394.0,17.7,8.9,0.0,28.372166666666665,19.13,47.73
2023-09-09,307.0,24.4,3.4,0.0,29.27318918918919,19.45,53.38
2023-09-16,365.0,20.8,10.0,0.0,28.540897959183674,19.15,52.23
2023-09-23,409.0,12.7,10.6,0.0,27.964412955465587,17.15,55.45
2023-09-30,370.0,16.7,9.7,0.0,28.3437610619469,17.05,54.02
2023-10-07,387.0,17.8,20.2,0.0,28.391210762331838,17.62,59.15
2023-10-14,390.0,10.7,16.6,0.0,28.076272727272727,19.08,54.97
2023-10-21,347.0,13.699999999999998,25.3,0.20000000000000004,27.580260416666665,17.22,51.55
2023-10-28,295.0,13.5,28.4,0.0,27.877814569536426,17.98,49.45
2023-11-04,447.0,10.3,40.6,1.1,27.343757961783442,19.52,59.85
2023-11-11,444.0,5.9,12.5,0.0,28.20124481327801,19.15,52.22
2023-11-18,335.0,13.4,32.8,2.8,28.42910052910053,19.35,57.37
2023-11-25,356.0,0.7,13.8,0.0,28.193333333333335,17.55,57.65
2023-12-02,288.0,-2.1,12.0,0.0,28.353220338983053,18.13,52.72
2023-12-09,254.0,10.6,33.9,2.5,28.855081967213117,19.27,53.93
2023-12-16,340.0,10.3,16.6,0.0,28.33846889952153,18.75,54.07
2023-12-23,449.0,9.5,24.8,0.0,28.18775,16.55,54.5
2023-12-30,509.0,10.0,32.1,0.1,28.7043359375,17.38,52.0
2024-01-01,605.0,7.6,23.8,0.0,29.58713286713287,17.37,58.23
2024-01-06,504.0,4.0,13.0,0.0,28.82121212121212,19.25,55.63
2024-01-13,450.0,2.3,10.7,0.0,28.919695817490496,17.6,52.7
2024-01-20,475.0,3.9,26.1,0.0,28.50862962962963,17.27,51.9
2024-01-27,416.0,6.2,14.8,0.0,28.455180722891566,17.42,55.62
2024-02-03,424.0,9.7,21.3,0.0,28.3577734375,16.98,56.38
2024-02-10,400.0,9.3,13.4,0.0,28.921666666666667,19.55,52.82
2024-02-17,386.0,10.0,17.8,0.1,28.913258928571427,19.23,56.58
2024-02-24,391.0,6.2,7.4,0.0,28.923203463203464,16.77,60.98
2024-03-02,423.0,5.3,27.7,0.20000000000000004,28.186981132075474,16.88,56.05
2024-03-09,392.0,8.4,24.2,0.5,28.80911111111111,16.82,52.03
2024-03-16,393.0,8.0,3.4,0.0,28.93396475770925,16.43,56.05
2024-03-23,433.0,6.9,28.4,0.0,29.411936758893283,16.13,60.87
2024-03-30,395.0,10.1,8.2,0.1,29.034890829694323,16.72,74.08
2024-04-06,524.0,15.4,27.1,0.0,29.169271255060732,16.52,61.7
2024-04-13,493.0,13.2,19.4,0.0,28.969516728624537,18.52,53.42
2024-04-20,407.0,7.8,23.8,0.0,28.858396624472572,17.07,58.53
2024-04-27,424.0,11.0,8.6,0.3,28.876625,16.53,60.92
2024-05-04,419.0,12.6,14.5,0.0,28.84711627906977,18.17,62.17
2024-05-11,396.0,17.9,14.7,0.0,29.01593625498008,18.28,59.73
2024-05-18,412.0,13.7,5.2,0.9,28.214379844961243,18.28,56.37
2024-05-25,470.0,14.8,7.4,0.0,28.7306640625,16.55,63.18
2024-06-01,497.0,13.6,23.7,0.0,28.700722021660653,18.15,51.98
2024-06-08,418.0,15.0,18.6,0.1,28.773715415019762,19.43,60.38
2024-06-15,361.0,12.9,40.5,1.2,28.198440860215054,18.82,52.23
2024-06-22,398.0,16.8,11.6,0.2,27.769665271966527,16.75,53.52
2024-06-29,366.0,17.7,3.1,0.0,28.46049773755656,18.6,64.17
2024-07-06,398.0,14.4,35.3,0.1,29.041008771929825,16.67,55.05
2024-07-13,335.0,16.2,8.3,0.0,29.21245192307692,18.43,54.93
2024-07-20,339.0,19.6,14.8,0.0,28.65757281553398,18.83,54.15
2024-07-27,451.0,17.5,8.9,0.0,28.988101265822785,16.62,58.43
2024-08-03,644.0,19.6,26.8,0.1,28.467061403508772,16.7,57.95
2024-08-10,372.0,18.8,23.8,0.0,29.194867256637167,16.72,56.85
2024-08-17,382.0,17.9,9.4,0.0,29.03071111111111,16.6,56.85
2024-08-31,394.0,17.8,23.8,0.0,28.473167420814477,16.45,52.62
2024-09-07,436.0,16.9,7.4,0.0,29.25828125,16.5,56.12
2024-09-14,420.0,14.3,4.0,0.0,28.593397683397683,18.1,54.98
2024-09-21,391.0,18.7,12.3,0.0,29.587288135593223,18.53,74.88
2024-09-28,371.0,9.5,11.5,0.0,28.613056768558952,18.17,57.57
2024-10-05,417.0,14.3,17.2,0.0,28.92267175572519,18.07,55.37
2024-10-12,409.0,12.5,18.4,0.5,28.612292490118577,18.4,55.47
2024-10-19,261.0,14.900000000000002,28.199999999999996,2.8,28.378164556962027,18.27,54.03
2024-10-26,430.0,14.4,3.6,0.1,29.332033898305085,18.72,57.93
2024-11-02,441.0,12.1,12.2,0.0,28.719429657794677,16.58,52.47
2024-11-09,486.0,8.5,8.4,0.0,28.363937282229966,16.82,66.92
2024-11-16,402.0,7.8,9.9,0.0,28.326176470588237,18.02,58.07
2024-11-23,450.0,9.3,46.6,0.5,28.3575935828877,16.93,53.87
2024-11-30,408.0,12.5,18.9,0.0,28.62373493975904,18.97,62.53
2024-12-07,414.0,8.3,49.7,0.0,28.0276,17.05,50.75
